title,property_type,price,price_numeric,size_sqft,latitude,longitude,url
21455 Commercial Properties for Rent in UAE - Property Finder,Warehouse,"AED 180,000",180000,4000,25.3082218170166,55.65555953979492,https://www.propertyfinder.ae/en/commercial-rent/properties-for-rent.html
Rent in Al Zahiyah: Full Office Floor Mezzanine I Free valley Parking  | Property Finder,Office,"AED 229,999",229999,2669,24.497058868408203,54.38042449951172,https://www.propertyfinder.ae/en/plp/commercial-rent/full-floor-for-rent-abu-dhabi-al-zahiyah-15581061.html
Rent in Al Muntazah: Premium Commercial Office Space | High-end Finish | Property Finder,Office,"AED 360,000",360000,2572,24.428293228149414,54.463470458984375,https://www.propertyfinder.ae/en/plp/commercial-rent/office-space-for-rent-abu-dhabi-al-muntazah-15394297.html
Rent in Al Masaood Tower: Stunning Office Space | Prime Location | Office | Property Finder,Office,"AED 364,100",364100,3561,24.487882614135742,54.37259292602539,https://www.propertyfinder.ae/en/plp/commercial-rent/office-space-for-rent-abu-dhabi-al-najda-street-al-masaood-tower-15242992.html
Rent in Hamdan Street: Well-Fitted Glass Partitioned Office in Hamdan | Property Finder,Warehouse,"AED 332,200",332200,3249,24.482032775878906,54.35242462158203,https://www.propertyfinder.ae/en/plp/commercial-rent/office-space-for-rent-abu-dhabi-hamdan-street-15188864.html
Rent in Khalifa City A: BUA 411 SQM I 11 Cabins I 4 Parking I Fully Fitted | Property Finder,Office,"AED 493,200",493200,4424,24.42344856262207,54.578697204589844,https://www.propertyfinder.ae/en/plp/commercial-rent/office-space-for-rent-abu-dhabi-khalifa-city-khalifa-city-a-15170437.html
Rent in Mohamed Bin Zayed City: 919 SQM | Furnished I Premium I All Inclusive | Property Finder,Office,"AED 1,378,500",1378500,9892,24.333309173583984,54.55467987060547,https://www.propertyfinder.ae/en/plp/commercial-rent/office-space-for-rent-abu-dhabi-mohamed-bin-zayed-city-15290271.html
Rent in Al Nahyan: High-Visibility| Great Exposure | Retail Space | Property Finder,Office,"AED 685,800",685800,2744,24.462278366088867,54.3931884765625,https://www.propertyfinder.ae/en/plp/commercial-rent/retail-for-rent-abu-dhabi-al-nahyan-15530717.html
Rent in Al Dana: HUGE RETAIL FOR LEASE | SEA VIEW | EASY PARKING | Property Finder,Office,"AED 766,000",766000,4122,24.44371223449707,54.57817840576172,https://www.propertyfinder.ae/en/plp/commercial-rent/retail-for-rent-abu-dhabi-al-raha-beach-al-dana-15513420.html
Rent in Hamdan Street: Big Showroom |Prime Area| Available end July 2025 | Property Finder,Office,"AED 2,000,000",2000000,10872,24.482032775878906,54.35242462158203,https://www.propertyfinder.ae/en/plp/commercial-rent/retail-for-rent-abu-dhabi-hamdan-street-14387016.html
Rent in Al Seef: Brand New 3 Shops Suitable for any Business | Property Finder,Office,"AED 179,999",179999,2604,24.448644638061523,54.58961486816406,https://www.propertyfinder.ae/en/plp/commercial-rent/shop-for-rent-abu-dhabi-al-raha-beach-al-seef-15580919.html
Rent in Rawdhat Abu Dhabi: Shop Space | Seize New Business Opportunity Today! | Property Finder,Office,"AED 2,065,500",2065500,16565,24.418251037597656,54.4658317565918,https://www.propertyfinder.ae/en/plp/commercial-rent/shop-for-rent-abu-dhabi-rawdhat-abu-dhabi-15438149.html
Rent in Abu Dhabi National Exhibition Centre: High-Visibility Retail Shops I Many Activities | Property Finder,Office,"AED 649,999",649999,6566,24.41981315612793,54.4372673034668,https://www.propertyfinder.ae/en/plp/commercial-rent/show-room-for-rent-abu-dhabi-al-bateen-al-khaleej-al-arabi-street-abu-dhabi-national-exhibition-centre-15580945.html
Rent in Corniche Road: Fitted Showroom Available in Corniche For Rent | Property Finder,Office,"AED 1,180,674",1180674,7058,24.466428756713867,54.329933166503906,https://www.propertyfinder.ae/en/plp/commercial-rent/show-room-for-rent-abu-dhabi-corniche-road-15297202.html
Rent in Khalifa City A: Commercial Villa | 22 Room | Corner | Main Street | Property Finder,Office,"AED 1,100,000",1100000,23250,24.42344856262207,54.578697204589844,https://www.propertyfinder.ae/en/plp/commercial-rent/villa-for-rent-abu-dhabi-khalifa-city-khalifa-city-a-15549660.html
Rent in Shakhbout City: High-End 8BR  Commercial Villa | Flexible Usage ! | Property Finder,Office,"AED 580,000",580000,9872,24.356430053710938,54.62781524658203,https://www.propertyfinder.ae/en/plp/commercial-rent/villa-for-rent-abu-dhabi-shakhbout-city-15318827.html
Rent in Shakhbout City: Huge 6BR Licensed Commercial Villa with Maids Room | Property Finder,Office,"AED 500,000",500000,14999,24.356430053710938,54.62781524658203,https://www.propertyfinder.ae/en/plp/commercial-rent/villa-for-rent-abu-dhabi-shakhbout-city-15537900.html
Rent in KIZAD: Ready Warehouse in KIZAD | Excellent Connectivity | Property Finder,Warehouse,"AED 914,600",914600,14477,24.686447143554688,54.796142578125,https://www.propertyfinder.ae/en/plp/commercial-rent/warehouse-for-rent-abu-dhabi-al-samha-kizad-15589426.html
Rent in KIZAD: Premium Warehouse Facility |Excellent Connectivity | Property Finder,Warehouse,"AED 311,350",311350,5156,24.686447143554688,54.796142578125,https://www.propertyfinder.ae/en/plp/commercial-rent/warehouse-for-rent-abu-dhabi-al-samha-kizad-15589437.html
Rent in KIZAD: Premium Warehouse Facility|Parking-Loading Access | Property Finder,Warehouse,"AED 4,200,000",4200000,75347,24.686447143554688,54.796142578125,https://www.propertyfinder.ae/en/plp/commercial-rent/warehouse-for-rent-abu-dhabi-al-samha-kizad-15589494.html
Rent in Abu Dhabi Business Hub: High-Spec Warehouse with Loading Bay &amp; Offices | Property Finder,Warehouse,"AED 1,197,300",1197300,12,24.322540283203125,54.520896911621094,https://www.propertyfinder.ae/en/plp/commercial-rent/warehouse-for-rent-abu-dhabi-mussafah-abu-dhabi-business-hub-15589360.html
Rent in Mussafah Industrial Area:  Spacious 680 SQM Warehouse for Rent  | Property Finder,Warehouse,"AED 440,000",440000,7319,24.333332061767578,54.516666412353516,https://www.propertyfinder.ae/en/plp/commercial-rent/warehouse-for-rent-abu-dhabi-mussafah-mussafah-industrial-area-15544368.html
Rent in Mussafah Industrial Area: Prime Warehouse|Strategic location|High Visibility | Property Finder,Warehouse,"AED 589,600",589600,7933,24.333332061767578,54.516666412353516,https://www.propertyfinder.ae/en/plp/commercial-rent/warehouse-for-rent-abu-dhabi-mussafah-mussafah-industrial-area-15588835.html
Rent in Mussafah Industrial Area: Premium Space | Warehouse in Mussafah | Prime Area | Property Finder,Warehouse,"AED 598,650",598650,9914,24.333332061767578,54.516666412353516,https://www.propertyfinder.ae/en/plp/commercial-rent/warehouse-for-rent-abu-dhabi-mussafah-mussafah-industrial-area-15589338.html
Rent in Mussafah Industrial Area: Strategic Location | Warehouse with Easy Access | Property Finder,Warehouse,"AED 372,450",372450,6168,24.333332061767578,54.516666412353516,https://www.propertyfinder.ae/en/plp/commercial-rent/warehouse-for-rent-abu-dhabi-mussafah-mussafah-industrial-area-15589374.html
Rent in Mussafah Industrial Area: Excellent Road Access | Premium Warehouse for Rent | Property Finder,Warehouse,"AED 248,300",248300,4112,24.333332061767578,54.516666412353516,https://www.propertyfinder.ae/en/plp/commercial-rent/warehouse-for-rent-abu-dhabi-mussafah-mussafah-industrial-area-15589409.html
21455 Commercial Properties for Rent in UAE - Property Finder,Warehouse,"AED 180,000",180000,4000,25.3082218170166,55.65555953979492,https://www.propertyfinder.ae/en/commercial-rent/properties-for-rent.html
Rent in Deena Building: PRESTIGE OFFICE | PRIME LOCATION | GREAT AMENITIES | Property Finder,Office,"AED 525,000",525000,4520,24.493589401245117,54.36071014404297,https://www.propertyfinder.ae/en/plp/commercial-rent/office-space-for-rent-abu-dhabi-al-danah-deena-building-15374177.html
Rent in Deena Building: PRESTIGE OFFICE | PRIME LOCATION | GREAT AMENITIES | Property Finder,Office,"AED 787,500",787500,6781,24.493589401245117,54.36071014404297,https://www.propertyfinder.ae/en/plp/commercial-rent/office-space-for-rent-abu-dhabi-al-danah-deena-building-15374214.html
Rent in Deena Building: PRESTIGE OFFICE | PRIME LOCATION | GREAT AMENITIES | Property Finder,Office,"AED 1,050,000",1050000,9041,24.493589401245117,54.36071014404297,https://www.propertyfinder.ae/en/plp/commercial-rent/office-space-for-rent-abu-dhabi-al-danah-deena-building-15374296.html
Rent in Al Forsan Village: Shell and Core | Semi Fitted | Prime Location | Property Finder,Office,"AED 351,600",351600,3155,24.40437889099121,54.54851531982422,https://www.propertyfinder.ae/en/plp/commercial-rent/office-space-for-rent-abu-dhabi-khalifa-city-al-forsan-village-15593682.html
Rent in Al Forsan Village: Commercial for Rent | Ideal for Offices | Vacant | Property Finder,Office,"AED 371,250",371250,3155,24.40437889099121,54.54851531982422,https://www.propertyfinder.ae/en/plp/commercial-rent/office-space-for-rent-abu-dhabi-khalifa-city-al-forsan-village-15594643.html
Rent in Khalifa City A: Fitted Office | Prime Location | High Quality Finishes | Property Finder,Office,"AED 426,000",426000,0,24.42344856262207,54.578697204589844,https://www.propertyfinder.ae/en/plp/commercial-rent/office-space-for-rent-abu-dhabi-khalifa-city-khalifa-city-a-15425858.html
Rent in Prestige Tower 17: Spacious Office Space at Prestige Tower 17 | Property Finder,Office,"AED 560,000",560000,4822,24.37482452392578,54.531646728515625,https://www.propertyfinder.ae/en/plp/commercial-rent/office-space-for-rent-abu-dhabi-mohamed-bin-zayed-city-prestige-towers-prestige-tower-17-15436862.html
Rent in ICAD - Industrial City Of Abu Dhabi: 696 sqmt Fitted Office for rent at Icad Mussafah  | Property Finder,Office,"AED 612,480",612480,7488,24.332622528076172,54.4943962097168,https://www.propertyfinder.ae/en/plp/commercial-rent/office-space-for-rent-abu-dhabi-mussafah-icad-industrial-city-of-abu-dhabi-15232155.html
Rent in M-20: Massive Office for Rent | Ideal for Corporate Use | Property Finder,Office,"AED 1,587,460",1587460,20102,24.3695125579834,54.47591018676758,https://www.propertyfinder.ae/en/plp/commercial-rent/office-space-for-rent-abu-dhabi-mussafah-mussafah-industrial-area-m-20-15589026.html
Rent in M-20: Premium Office Space | Vacant | Book a Viewing | Property Finder,Office,"AED 979,200",979200,12400,24.3695125579834,54.47591018676758,https://www.propertyfinder.ae/en/plp/commercial-rent/office-space-for-rent-abu-dhabi-mussafah-mussafah-industrial-area-m-20-15589115.html
Rent in 2nd Street: Huge Retail on Airport Rd | G+M | Ideal Showroom | Property Finder,Office,"AED 6,200,000",6200000,74809,24.397714614868164,54.500213623046875,https://www.propertyfinder.ae/en/plp/commercial-rent/retail-for-rent-abu-dhabi-airport-road-2nd-street-15381430.html
Rent in Al Bateen Villas: Spacious Fitness Centre | Fully Equipped | Vacant | Property Finder,Office,"AED 447,700",447700,8761,24.4412899017334,54.366607666015625,https://www.propertyfinder.ae/en/plp/commercial-rent/retail-for-rent-abu-dhabi-al-bateen-al-bateen-villas-15583470.html
Rent in Al Marasy: Shell and Core | Spacious Showroom | Prime Area | Property Finder,Office,"AED 476,000",476000,89,24.451881408691406,54.33395004272461,https://www.propertyfinder.ae/en/plp/commercial-rent/retail-for-rent-abu-dhabi-al-bateen-al-marasy-15583487.html
Rent in Sheleila Tower: Spacious Retail | Semi Fitted | Vacant Now | Property Finder,Office,"AED 1,180,674",1180674,7060,24.4715518951416,54.34186553955078,https://www.propertyfinder.ae/en/plp/commercial-rent/retail-for-rent-abu-dhabi-al-khalidiya-sheleila-tower-15511839.html
Rent in Hazaa Bin Zayed the First Street: Fitted | Spacious Layout | Prime Location | Property Finder,Office,"AED 3,497,200",3497200,26888,24.46666717529297,54.383331298828125,https://www.propertyfinder.ae/en/plp/commercial-rent/retail-for-rent-abu-dhabi-al-nahyan-camp-hazaa-bin-zayed-the-first-street-15475126.html
Rent in Corniche Road: Premium Retail Space\ Real picture\ Corniche view  | Property Finder,Office,"AED 1,000,000",1000000,10763,24.466428756713867,54.329933166503906,https://www.propertyfinder.ae/en/plp/commercial-rent/retail-for-rent-abu-dhabi-corniche-road-15492347.html
Rent in Global Tower: Shell and Core | Spacious Retail | Vacant | Property Finder,Office,"AED 1,900,000",1900000,12260,24.491230010986328,54.37145233154297,https://www.propertyfinder.ae/en/plp/commercial-rent/retail-for-rent-abu-dhabi-electra-street-global-tower-15490301.html
Rent in Al Marasy: Hot Deal | Spacious Showroom | Al Marasy | Property Finder,Office,"AED 476,000",476000,3014,24.451881408691406,54.33395004272461,https://www.propertyfinder.ae/en/plp/commercial-rent/show-room-for-rent-abu-dhabi-al-bateen-al-marasy-15594586.html
Rent in Electra Street: SPECIOUS SHOWROOM| SHELL N CORE| DOWNTOWN CITY  | Property Finder,Office,"AED 1,900,000",1900000,25,24.49472427368164,54.37592315673828,https://www.propertyfinder.ae/en/plp/commercial-rent/show-room-for-rent-abu-dhabi-electra-street-15530925.html
Rent in Al Bateen Villas: Upscale 2 Villa | 7 Master BR | Perfect Location | Property Finder,Office,"AED 400,000",400000,13610,24.4412899017334,54.366607666015625,https://www.propertyfinder.ae/en/plp/commercial-rent/villa-for-rent-abu-dhabi-al-bateen-al-bateen-villas-15152728.html
Rent in Shakhbout City:       | HOT DEAL |Villa in Shakhbout City for Rent | Property Finder,Office,"AED 350,000",350000,15000,24.356430053710938,54.62781524658203,https://www.propertyfinder.ae/en/plp/commercial-rent/villa-for-rent-abu-dhabi-shakhbout-city-15273297.html
Rent in ICAD - Industrial City Of Abu Dhabi: Fully Air-Conditioned (Frozen Storage) Warehouse  | Property Finder,Warehouse,"AED 589,600",589600,7930,24.332622528076172,54.4943962097168,https://www.propertyfinder.ae/en/plp/commercial-rent/warehouse-for-rent-abu-dhabi-mussafah-icad-industrial-city-of-abu-dhabi-15176327.html
Rent in Mussafah Industrial Area: Premium Warehouses | Furnished Offices &amp; Plots | Property Finder,Warehouse,"AED 8,000,000",8000000,246472,24.333332061767578,54.516666412353516,https://www.propertyfinder.ae/en/plp/commercial-rent/warehouse-for-rent-abu-dhabi-mussafah-mussafah-industrial-area-15530677.html
Rent in Umm Al Nar: Warehouse for rent in Umm Ul Nar Abu Dhabi | Property Finder,Warehouse,"AED 833,000",833000,12804,24.441425323486328,54.51633071899414,https://www.propertyfinder.ae/en/plp/commercial-rent/warehouse-for-rent-abu-dhabi-umm-al-nar-15092757.html
Rent in Sas Al Nakheel Village: Premium Commercial Space | Sas Al Nakhl Area | Property Finder,Office,"AED 2,700,000",2700000,36953,24.404386520385742,54.52933883666992,https://www.propertyfinder.ae/en/plp/commercial-rent/whole-building-for-rent-abu-dhabi-sas-al-nakheel-sas-al-nakheel-village-15518942.html
21455 Commercial Properties for Rent in UAE - Property Finder,Warehouse,"AED 180,000",180000,4000,25.3082218170166,55.65555953979492,https://www.propertyfinder.ae/en/commercial-rent/properties-for-rent.html
Rent in Addax port office tower: FULL FLOOR OFFICE | PRIME LOCATION | ADGM LICENSE | Property Finder,Office,"AED 1,559,563",1559563,21514,24.498611450195312,54.403038024902344,https://www.propertyfinder.ae/en/plp/commercial-rent/full-floor-for-rent-abu-dhabi-al-reem-island-city-of-lights-addax-port-office-tower-15350873.html
"Rent in Khalifa City A: Fitted Full Floor | 1,164 SQM I 10 Parking | Property Finder",Office,"AED 814,800",814800,12530,24.42344856262207,54.578697204589844,https://www.propertyfinder.ae/en/plp/commercial-rent/full-floor-for-rent-abu-dhabi-khalifa-city-khalifa-city-a-15147532.html
Rent in Al Khaleej Al Arabi Street: 590SQM | Full Floor | Shell and Core | ADNEC area | Property Finder,Office,"AED 708,000",708000,6351,24.420040130615234,54.426551818847656,https://www.propertyfinder.ae/en/plp/commercial-rent/office-space-for-rent-abu-dhabi-al-bateen-al-khaleej-al-arabi-street-15320000.html
Rent in Cornich Al Khalidiya: Half-Floor | Fitted Office | Prime Location | Property Finder,Office,"AED 566,248",566248,83,24.471681594848633,54.33732223510742,https://www.propertyfinder.ae/en/plp/commercial-rent/office-space-for-rent-abu-dhabi-al-khalidiya-cornich-al-khalidiya-15458570.html
Rent in CI Tower: Full Floor | Fitted Office | Flexible Payment | Property Finder,Office,"AED 622,250",622250,7050,24.46845054626465,54.338993072509766,https://www.propertyfinder.ae/en/plp/commercial-rent/office-space-for-rent-abu-dhabi-al-khalidiya-cornich-al-khalidiya-ci-tower-15527383.html
Rent in Khalifa City A: BUA 362.5 SQM I Fitted I 9 Partitions I 3 Parking | Property Finder,Office,"AED 435,000",435000,3902,24.42344856262207,54.578697204589844,https://www.propertyfinder.ae/en/plp/commercial-rent/office-space-for-rent-abu-dhabi-khalifa-city-khalifa-city-a-15147392.html
Rent in Khalifa City A: Fully Fitted | BUA 360 SQM I 14 Cabins I 3 Parking | Property Finder,Office,"AED 432,000",432000,3875,24.42344856262207,54.578697204589844,https://www.propertyfinder.ae/en/plp/commercial-rent/office-space-for-rent-abu-dhabi-khalifa-city-khalifa-city-a-15149222.html
Rent in Khalifa City A: BUA 362.5 SQM I 15 Partitions I 3 Parking | Property Finder,Office,"AED 435,000",435000,3902,24.42344856262207,54.578697204589844,https://www.propertyfinder.ae/en/plp/commercial-rent/office-space-for-rent-abu-dhabi-khalifa-city-khalifa-city-a-15170458.html
Rent in Khalifa City A: Fitted | BUA 381.85 sqm I Partitioned I 3 Parking | Property Finder,Office,"AED 458,220",458220,4110,24.42344856262207,54.578697204589844,https://www.propertyfinder.ae/en/plp/commercial-rent/office-space-for-rent-abu-dhabi-khalifa-city-khalifa-city-a-15170485.html
Rent in Khalifa City A: BUA 973.7 SQM I 32 Cabins I 9 Parking I Fitted | Property Finder,Office,"AED 1,168,440",1168440,10481,24.42344856262207,54.578697204589844,https://www.propertyfinder.ae/en/plp/commercial-rent/office-space-for-rent-abu-dhabi-khalifa-city-khalifa-city-a-15371209.html
Rent in ICAD - Industrial City Of Abu Dhabi: Office Space | 1071 SQM | Shell and Core | Property Finder,Office,"AED 750,036",750036,31,24.332622528076172,54.4943962097168,https://www.propertyfinder.ae/en/plp/commercial-rent/office-space-for-rent-abu-dhabi-mussafah-icad-industrial-city-of-abu-dhabi-15381392.html
Rent in Mussafah Industrial Area: Fitted Office | Suitable for Clinic | For Rent | Property Finder,Office,"AED 480,000",480000,56,24.333332061767578,54.516666412353516,https://www.propertyfinder.ae/en/plp/commercial-rent/office-space-for-rent-abu-dhabi-mussafah-mussafah-industrial-area-14278997.html
Rent in Al Marasy: Water Front I Prime Location I Shell and Core | Property Finder,Office,"AED 476,000",476000,3014,24.451881408691406,54.33395004272461,https://www.propertyfinder.ae/en/plp/commercial-rent/retail-for-rent-abu-dhabi-al-bateen-al-marasy-15428066.html
Rent in Al Wahda Street: Limited slots | Prime Location I Duplex | Property Finder,Office,"AED 403,200",403200,2734,24.469778060913086,54.37126159667969,https://www.propertyfinder.ae/en/plp/commercial-rent/retail-for-rent-abu-dhabi-al-wahda-al-wahda-street-15373781.html
Rent in Mussafah Industrial Area: Fitted and Ready Showroom  | For Bank | 400 SQM | Property Finder,Office,"AED 600,000",600000,56,24.333332061767578,54.516666412353516,https://www.propertyfinder.ae/en/plp/commercial-rent/retail-for-rent-abu-dhabi-mussafah-mussafah-industrial-area-14430334.html
Rent in Mussafah Industrial Area: Prime Location | Retail | 778 SQM | Ready to Use | Property Finder,Office,"AED 778,410",778410,8379,24.333332061767578,54.516666412353516,https://www.propertyfinder.ae/en/plp/commercial-rent/retail-for-rent-abu-dhabi-mussafah-mussafah-industrial-area-15284223.html
Rent in Al Danah: READY TO MOVE | RETAIL SPACE | SPACIOUS SHOWROOM | Property Finder,Office,"AED 1,900,000",1900000,12264,24.475685119628906,54.374107360839844,https://www.propertyfinder.ae/en/plp/commercial-rent/show-room-for-rent-abu-dhabi-al-danah-15383082.html
Rent in Al Saada Street: Modern Villa with 8 Bedrooms |Commercial License  | Property Finder,Office,"AED 390,000",390000,3575,24.437538146972656,54.380977630615234,https://www.propertyfinder.ae/en/plp/commercial-rent/villa-for-rent-abu-dhabi-al-mushrif-al-saada-street-15548734.html
Rent in Madinat Al Riyad: √Brand New! Commercial Villa | 12 Master Bedroom√ | Property Finder,Office,"AED 400,000",400000,7863,24.346105575561523,54.745948791503906,https://www.propertyfinder.ae/en/plp/commercial-rent/villa-for-rent-abu-dhabi-madinat-al-riyad-15447574.html
Rent in Mohamed Bin Zayed City Villas: Spacious And Convenient | Allows for Nursery ! | Property Finder,Office,"AED 470,000",470000,41000,24.33371925354004,54.55443572998047,https://www.propertyfinder.ae/en/plp/commercial-rent/villa-for-rent-abu-dhabi-mohamed-bin-zayed-city-mohamed-bin-zayed-city-villas-15128632.html
Rent in Mafraq Industrial Area: Spacious 3 BR Warehouse in Mafraq Industrial Area | Property Finder,Warehouse,"AED 180,000",180000,5166,24.272016525268555,54.59835433959961,https://www.propertyfinder.ae/en/plp/commercial-rent/warehouse-for-rent-abu-dhabi-mafraq-industrial-area-15592620.html
Rent in Mussafah Industrial Area: Furnished Office  | Available Now | Prime Area | Property Finder,Warehouse,"AED 586,500",586500,7427,24.333332061767578,54.516666412353516,https://www.propertyfinder.ae/en/plp/commercial-rent/warehouse-for-rent-abu-dhabi-mussafah-mussafah-industrial-area-14617741.html
Rent in Mussafah Industrial Area: Furnished Office | With Storage | Industrial Area | Property Finder,Warehouse,"AED 979,200",979200,12400,24.333332061767578,54.516666412353516,https://www.propertyfinder.ae/en/plp/commercial-rent/warehouse-for-rent-abu-dhabi-mussafah-mussafah-industrial-area-15244114.html
Rent in Mussafah Industrial Area: Fully Furnished Office Space | With Storage space | Property Finder,Warehouse,"AED 979,200",979200,12400,24.333332061767578,54.516666412353516,https://www.propertyfinder.ae/en/plp/commercial-rent/warehouse-for-rent-abu-dhabi-mussafah-mussafah-industrial-area-15244142.html
Rent in Mussafah Industrial Area: Stand Alone Warehouse for Storage | Prime Location | Property Finder,Warehouse,"AED 1,345,550",1345550,17034,24.333332061767578,54.516666412353516,https://www.propertyfinder.ae/en/plp/commercial-rent/warehouse-for-rent-abu-dhabi-mussafah-mussafah-industrial-area-15244168.html
21455 Commercial Properties for Rent in UAE - Property Finder,Warehouse,"AED 180,000",180000,4000,25.3082218170166,55.65555953979492,https://www.propertyfinder.ae/en/commercial-rent/properties-for-rent.html
Rent in Al Danah: Great View | Superb Location | Office Space | Property Finder,Office,"AED 233,400",233400,4187,24.475685119628906,54.374107360839844,https://www.propertyfinder.ae/en/plp/commercial-rent/office-space-for-rent-abu-dhabi-al-danah-11828719.html
Rent in Cornich Al Khalidiya: Sea View | Fitted Office | Great Condition | Property Finder,Office,"AED 622,250",622250,36,24.471681594848633,54.33732223510742,https://www.propertyfinder.ae/en/plp/commercial-rent/office-space-for-rent-abu-dhabi-al-khalidiya-cornich-al-khalidiya-15049502.html
Rent in Cornich Al Khalidiya: Fully Fitted Office | Prime Location | Partitioned | Property Finder,Office,"AED 312,000",312000,45,24.471681594848633,54.33732223510742,https://www.propertyfinder.ae/en/plp/commercial-rent/office-space-for-rent-abu-dhabi-al-khalidiya-cornich-al-khalidiya-15062175.html
Rent in CI Tower: Fitted Office | Flexible Payment | Sea View | Property Finder,Office,"AED 312,000",312000,3444,24.46845054626465,54.338993072509766,https://www.propertyfinder.ae/en/plp/commercial-rent/office-space-for-rent-abu-dhabi-al-khalidiya-cornich-al-khalidiya-ci-tower-15413979.html
Rent in CI Tower: FITTED OFFICE | GREAT AMENITIES | PRIME LOCATION | Property Finder,Office,"AED 566,248",566248,6415,24.46845054626465,54.338993072509766,https://www.propertyfinder.ae/en/plp/commercial-rent/office-space-for-rent-abu-dhabi-al-khalidiya-cornich-al-khalidiya-ci-tower-15455370.html
Rent in CI Tower: DAZZLING OFFICE | SUPER AFFORDABLE RATE | FITTED | Property Finder,Office,"AED 312,000",312000,3444,24.46845054626465,54.338993072509766,https://www.propertyfinder.ae/en/plp/commercial-rent/office-space-for-rent-abu-dhabi-al-khalidiya-cornich-al-khalidiya-ci-tower-15455398.html
Rent in CI Tower: PRIME LOCATION | SPACIOUS OFFICE | PANORAMIC VIEWS | Property Finder,Office,"AED 316,875",316875,3498,24.46845054626465,54.338993072509766,https://www.propertyfinder.ae/en/plp/commercial-rent/office-space-for-rent-abu-dhabi-al-khalidiya-cornich-al-khalidiya-ci-tower-15455408.html
Rent in CI Tower: TOP LOCATION | PREMIUM SPACE | GRADE A BUILDING | Property Finder,Office,"AED 622,250",622250,7050,24.46845054626465,54.338993072509766,https://www.propertyfinder.ae/en/plp/commercial-rent/office-space-for-rent-abu-dhabi-al-khalidiya-cornich-al-khalidiya-ci-tower-15455420.html
Rent in Khalifa City A: Fitted Office | Prime Location | High Quality Finishes | Property Finder,Office,"AED 483,600",483600,0,24.42344856262207,54.578697204589844,https://www.propertyfinder.ae/en/plp/commercial-rent/office-space-for-rent-abu-dhabi-khalifa-city-khalifa-city-a-15120931.html
Rent in Khalifa City A: Fitted Office | Prime Location | High Quality Finishes | Property Finder,Office,"AED 454,800",454800,0,24.42344856262207,54.578697204589844,https://www.propertyfinder.ae/en/plp/commercial-rent/office-space-for-rent-abu-dhabi-khalifa-city-khalifa-city-a-15386920.html
Rent in Khalifa City A: Fitted Office | Prime Location | High Quality Finishes | Property Finder,Office,"AED 438,000",438000,0,24.42344856262207,54.578697204589844,https://www.propertyfinder.ae/en/plp/commercial-rent/office-space-for-rent-abu-dhabi-khalifa-city-khalifa-city-a-15386921.html
Rent in Khalifa City A: Fitted Office | Prime Location | High Quality Finishes | Property Finder,Office,"AED 487,200",487200,0,24.42344856262207,54.578697204589844,https://www.propertyfinder.ae/en/plp/commercial-rent/office-space-for-rent-abu-dhabi-khalifa-city-khalifa-city-a-15387302.html
Rent in Khalifa City A: Fitted Office | Prime Location | High Quality Finishes | Property Finder,Office,"AED 452,400",452400,0,24.42344856262207,54.578697204589844,https://www.propertyfinder.ae/en/plp/commercial-rent/office-space-for-rent-abu-dhabi-khalifa-city-khalifa-city-a-15387324.html
Rent in Al Danah: Showroom | For Discounted Centers | Supermarket | Property Finder,Office,"AED 1,400,000",1400000,15069,24.475685119628906,54.374107360839844,https://www.propertyfinder.ae/en/plp/commercial-rent/retail-for-rent-abu-dhabi-al-danah-15196191.html
Rent in Al Danah: Huge Retail | for Bank | Govt Department Services | Property Finder,Office,"AED 3,497,200",3497200,26888,24.475685119628906,54.374107360839844,https://www.propertyfinder.ae/en/plp/commercial-rent/retail-for-rent-abu-dhabi-al-danah-15289598.html
Rent in Sheleila Tower: SPACIOUS RETAIL | PRIME LOCATION | GRADE A SPACE | Property Finder,Office,"AED 1,180,674",1180674,7058,24.4715518951416,54.34186553955078,https://www.propertyfinder.ae/en/plp/commercial-rent/retail-for-rent-abu-dhabi-al-khalidiya-sheleila-tower-15406901.html
Rent in Al Zahiyah: 3 Floors Showroom | Discounted Centers | 1400 Sqm | Property Finder,Office,"AED 1,300,000",1300000,15069,24.497058868408203,54.38042449951172,https://www.propertyfinder.ae/en/plp/commercial-rent/retail-for-rent-abu-dhabi-al-zahiyah-15098499.html
Rent in Al Zahiyah: Prime 3-Level Showroom with Large Lift &amp; Escalator | Property Finder,Office,"AED 1,200,000",1200000,15069,24.497058868408203,54.38042449951172,https://www.propertyfinder.ae/en/plp/commercial-rent/retail-for-rent-abu-dhabi-al-zahiyah-15583293.html
Rent in Mussafah Industrial Area: Retail Space | Nicely Fitted | Great Location | Property Finder,Office,"AED 1,859,000",1859000,20010,24.333332061767578,54.516666412353516,https://www.propertyfinder.ae/en/plp/commercial-rent/retail-for-rent-abu-dhabi-mussafah-mussafah-industrial-area-13820762.html
Rent in Mussafah Industrial Area: Amazing Retail | Fitted Space | Ready Now | Property Finder,Office,"AED 465,000",465000,5005,24.333332061767578,54.516666412353516,https://www.propertyfinder.ae/en/plp/commercial-rent/retail-for-rent-abu-dhabi-mussafah-mussafah-industrial-area-13820764.html
Rent in Al Forsan Village: Showroom  | Amazing Space | Prime location | Property Finder,Showroom,"AED 322,000",322000,3154,24.40437889099121,54.54851531982422,https://www.propertyfinder.ae/en/plp/commercial-rent/show-room-for-rent-abu-dhabi-khalifa-city-al-forsan-village-15440396.html
Rent in Al Bateen: Corner Villa |Surprising Space| Ideal for Business | Property Finder,Office,"AED 500,000",500000,3767,24.45660400390625,54.396820068359375,https://www.propertyfinder.ae/en/plp/commercial-rent/villa-for-rent-abu-dhabi-al-bateen-15489482.html
Rent in Al Bateen Villas: Available | Commercial Villa | Al Bateen | Property Finder,Office,"AED 725,000",725000,84,24.4412899017334,54.366607666015625,https://www.propertyfinder.ae/en/plp/commercial-rent/villa-for-rent-abu-dhabi-al-bateen-al-bateen-villas-15532169.html
Rent in Al Bateen Villas: Available | Commercial Villa | Al Bateen | Property Finder,Office,"AED 687,000",687000,81,24.4412899017334,54.366607666015625,https://www.propertyfinder.ae/en/plp/commercial-rent/villa-for-rent-abu-dhabi-al-bateen-al-bateen-villas-15532185.html
Rent in Khalifa City A Villas: Commercial Villa | Corner Plot |Main Road | Property Finder,Office,"AED 1,050,000",1050000,15000,24.410566329956055,54.571102142333984,https://www.propertyfinder.ae/en/plp/commercial-rent/villa-for-rent-abu-dhabi-khalifa-city-khalifa-city-a-khalifa-city-a-villas-15543380.html
21455 Commercial Properties for Rent in UAE - Property Finder,Warehouse,"AED 180,000",180000,4000,25.3082218170166,55.65555953979492,https://www.propertyfinder.ae/en/commercial-rent/properties-for-rent.html
Rent in Hamdan Street: Private Space Ready to Occupy  | Property Finder,Office,"AED 400,000",400000,3229,24.482032775878906,54.35242462158203,https://www.propertyfinder.ae/en/plp/commercial-rent/half-floor-for-rent-abu-dhabi-hamdan-street-15449145.html
Rent in Al Khaleej Al Arabi Street: GRADE A BUILDING | SPLENDID OFFICE | GREAT SPACE | Property Finder,Office,"AED 767,000",767000,6350,24.420040130615234,54.426551818847656,https://www.propertyfinder.ae/en/plp/commercial-rent/office-space-for-rent-abu-dhabi-al-bateen-al-khaleej-al-arabi-street-14983828.html
Rent in Addax port office tower: High Floor | Shell and Core | Vacant | Property Finder,Office,"AED 183,112",183112,2527,24.498611450195312,54.403038024902344,https://www.propertyfinder.ae/en/plp/commercial-rent/office-space-for-rent-abu-dhabi-al-reem-island-city-of-lights-addax-port-office-tower-15563105.html
Rent in Addax port office tower: Shell and Core | High Floor | Vacant | Property Finder,Office,"AED 183,042",183042,2526,24.498611450195312,54.403038024902344,https://www.propertyfinder.ae/en/plp/commercial-rent/office-space-for-rent-abu-dhabi-al-reem-island-city-of-lights-addax-port-office-tower-15563151.html
Rent in Tamouh Tower: Fully Fitted | Sea View | Prime Location | Property Finder,Office,"AED 550,000",550000,1,24.4881534576416,54.394935607910156,https://www.propertyfinder.ae/en/plp/commercial-rent/office-space-for-rent-abu-dhabi-al-reem-island-marina-square-tamouh-tower-15135691.html
Rent in Hamdan Street: Ready to move in Furnished Independent Office  | Property Finder,Office,"AED 399,999",399999,3222,24.482032775878906,54.35242462158203,https://www.propertyfinder.ae/en/plp/commercial-rent/office-space-for-rent-abu-dhabi-hamdan-street-15489230.html
Rent in Hamdan Street: Premium Private Office - Perfect for Professionals | Property Finder,Office,"AED 400,000",400000,3299,24.482032775878906,54.35242462158203,https://www.propertyfinder.ae/en/plp/commercial-rent/office-space-for-rent-abu-dhabi-hamdan-street-15495450.html
Rent in Mohamed Bin Zayed City: Full Floor I Grade A Building I Utilities Included | Property Finder,Office,"AED 829,800",829800,9741,24.333309173583984,54.55467987060547,https://www.propertyfinder.ae/en/plp/commercial-rent/office-space-for-rent-abu-dhabi-mohamed-bin-zayed-city-14883869.html
Rent in M-20: Office Space | Fully Fitted | Ample Parking | Property Finder,Office,"AED 408,000",408000,5164,24.3695125579834,54.47591018676758,https://www.propertyfinder.ae/en/plp/commercial-rent/office-space-for-rent-abu-dhabi-mussafah-mussafah-industrial-area-m-20-15381109.html
Rent in M-20: Office Space | Fully Fitted | Ample Parking | Property Finder,Office,"AED 1,587,460",1587460,20095,24.3695125579834,54.47591018676758,https://www.propertyfinder.ae/en/plp/commercial-rent/office-space-for-rent-abu-dhabi-mussafah-mussafah-industrial-area-m-20-15381360.html
Rent in M-20: Office Space | Fully Fitted | Ample Parking | Property Finder,Office,"AED 979,200",979200,12395,24.3695125579834,54.47591018676758,https://www.propertyfinder.ae/en/plp/commercial-rent/office-space-for-rent-abu-dhabi-mussafah-mussafah-industrial-area-m-20-15381596.html
Rent in Al Bateen: Prime Location | Shell &amp; Core | Available Now | Property Finder,Office,"AED 476,000",476000,3014,24.45660400390625,54.396820068359375,https://www.propertyfinder.ae/en/plp/commercial-rent/retail-for-rent-abu-dhabi-al-bateen-15283917.html
Rent in Al Sail Tower: Shell &amp; Core | Great Location | Sea View  | Property Finder,Office,"AED 765,800",765800,4121,24.44499969482422,54.57467269897461,https://www.propertyfinder.ae/en/plp/commercial-rent/retail-for-rent-abu-dhabi-al-raha-beach-al-dana-al-sail-tower-15490060.html
Rent in Mussafah: Office Retail Showroom Space for Rent in Mussafah | Property Finder,Office,"AED 741,000",741000,8393,24.354707717895508,54.50202560424805,https://www.propertyfinder.ae/en/plp/commercial-rent/retail-for-rent-abu-dhabi-mussafah-15455428.html
Rent in Qaryat Al Hidd: Shell and Core | Prime Location | Vacant | Property Finder,Office,"AED 678,300",678300,3477,24.566787719726562,54.4599723815918,https://www.propertyfinder.ae/en/plp/commercial-rent/retail-for-rent-abu-dhabi-saadiyat-island-qaryat-al-hidd-15558121.html
Rent in Al Nahyan: GREAT AMENITIES | AMAZING SPACE | FITTED SHOWROOM | Property Finder,Office,"AED 3,497,200",3497200,26888,24.462278366088867,54.3931884765625,https://www.propertyfinder.ae/en/plp/commercial-rent/show-room-for-rent-abu-dhabi-al-nahyan-12383586.html
Rent in Global Tower: A Spacious Showroom Perfect for Your Big Business | Property Finder,Office,"AED 1,900,000",1900000,12260,24.491230010986328,54.37145233154297,https://www.propertyfinder.ae/en/plp/commercial-rent/show-room-for-rent-abu-dhabi-electra-street-global-tower-15373131.html
Rent in Al Mamoura: Featured Showroom | Al Maamoura  | Abu Dhabi | Property Finder,Office,"AED 550,000",550000,3228,24.463350296020508,54.38822937011719,https://www.propertyfinder.ae/en/plp/commercial-rent/show-room-for-rent-abu-dhabi-muroor-area-al-mamoura-14401320.html
Rent in Khalifa City A Villas: Detached | Spacious 5 BR | For Staff Accommodation | Property Finder,Office,"AED 170,000",170000,5500,24.410566329956055,54.571102142333984,https://www.propertyfinder.ae/en/plp/commercial-rent/staff-accommodation-for-rent-abu-dhabi-khalifa-city-khalifa-city-a-khalifa-city-a-villas-15350562.html
Rent in Madinat Al Riyad: First tenant | Near the bridge | On the corner | Property Finder,Office,"AED 400,000",400000,17000,24.346105575561523,54.745948791503906,https://www.propertyfinder.ae/en/plp/commercial-rent/villa-for-rent-abu-dhabi-madinat-al-riyad-15567160.html
Rent in Shakhbout City: Brand new luxury villa for rent in Shakhbout city | Property Finder,Office,"AED 900,000",900000,22000,24.356430053710938,54.62781524658203,https://www.propertyfinder.ae/en/plp/commercial-rent/villa-for-rent-abu-dhabi-shakhbout-city-15002397.html
Rent in Shakhbout City: Independent commercial villa for rent  | Property Finder,Office,"AED 600,000",600000,17850,24.356430053710938,54.62781524658203,https://www.propertyfinder.ae/en/plp/commercial-rent/villa-for-rent-abu-dhabi-shakhbout-city-15013842.html
Rent in Shakhbout City: Upcoming | Commercial villa | 19 Bedrooms | Property Finder,Office,"AED 1,300,000",1300000,16146,24.356430053710938,54.62781524658203,https://www.propertyfinder.ae/en/plp/commercial-rent/villa-for-rent-abu-dhabi-shakhbout-city-15388545.html
Rent in ICAD - Industrial City Of Abu Dhabi: 920 sqm Warehouse for rent in ICAD Mussafah | Property Finder,Warehouse,"AED 657,800",657800,9899,24.332622528076172,54.4943962097168,https://www.propertyfinder.ae/en/plp/commercial-rent/warehouse-for-rent-abu-dhabi-mussafah-icad-industrial-city-of-abu-dhabi-15289590.html
Rent in M-20: Warehouse and Office Space | Fully Fitted | Ample  | Property Finder,Warehouse,"AED 1,186,875",1186875,17027,24.3695125579834,54.47591018676758,https://www.propertyfinder.ae/en/plp/commercial-rent/warehouse-for-rent-abu-dhabi-mussafah-mussafah-industrial-area-m-20-15381808.html
21455 Commercial Properties for Rent in UAE - Property Finder,Warehouse,"AED 180,000",180000,4000,25.3082218170166,55.65555953979492,https://www.propertyfinder.ae/en/commercial-rent/properties-for-rent.html
Rent in Cornich Al Khalidiya: Easy Access | Fitted Unit | Great View | Property Finder,Office,"AED 316,875",316875,27,24.471681594848633,54.33732223510742,https://www.propertyfinder.ae/en/plp/commercial-rent/office-space-for-rent-abu-dhabi-al-khalidiya-cornich-al-khalidiya-15062767.html
Rent in Al Masaood Tower: 11th Floor | Spacious Office | Fitted | Property Finder,Office,"AED 332,200",332200,3249,24.487882614135742,54.37259292602539,https://www.propertyfinder.ae/en/plp/commercial-rent/office-space-for-rent-abu-dhabi-al-najda-street-al-masaood-tower-15243728.html
Rent in Al Rawdah: Gym-Suited Prime Commercial Space | Reach out now! | Property Finder,Office,"AED 458,850",458850,4520,24.4532413482666,54.36448287963867,https://www.propertyfinder.ae/en/plp/commercial-rent/office-space-for-rent-abu-dhabi-al-rawdah-15429169.html
Rent in Al Rawdah: Fitness-Ready | Perfect Space for Gym | Call Now! | Property Finder,Office,"AED 731,975",731975,7211,24.4532413482666,54.36448287963867,https://www.propertyfinder.ae/en/plp/commercial-rent/office-space-for-rent-abu-dhabi-al-rawdah-15429245.html
Rent in Addax port office tower: Shell and Core | Sea View | Vacant | Property Finder,Office,"AED 164,332",164332,2527,24.498611450195312,54.403038024902344,https://www.propertyfinder.ae/en/plp/commercial-rent/office-space-for-rent-abu-dhabi-al-reem-island-city-of-lights-addax-port-office-tower-15406568.html
Rent in Addax port office tower: Shell and Core | 4 Payments | Spacious Layout | Property Finder,Office,"AED 183,042",183042,2526,24.498611450195312,54.403038024902344,https://www.propertyfinder.ae/en/plp/commercial-rent/office-space-for-rent-abu-dhabi-al-reem-island-city-of-lights-addax-port-office-tower-15407002.html
Rent in Addax port office tower: Shell and Core | Huge Office Space | Vacant | Property Finder,Office,"AED 183,112",183112,2527,24.498611450195312,54.403038024902344,https://www.propertyfinder.ae/en/plp/commercial-rent/office-space-for-rent-abu-dhabi-al-reem-island-city-of-lights-addax-port-office-tower-15413711.html
Rent in Addax port office tower: Shell and Core | Spacious Unit | Vacant Now | Property Finder,Office,"AED 183,042",183042,2526,24.498611450195312,54.403038024902344,https://www.propertyfinder.ae/en/plp/commercial-rent/office-space-for-rent-abu-dhabi-al-reem-island-city-of-lights-addax-port-office-tower-15414101.html
Rent in Omega Towers: Shell and Core | Spacious Office | Vacant  | Property Finder,Office,"AED 607,943",607943,8622,24.49712562561035,54.404483795166016,https://www.propertyfinder.ae/en/plp/commercial-rent/office-space-for-rent-abu-dhabi-al-reem-island-city-of-lights-omega-towers-15398677.html
Rent in Omega Towers: Shell and Core | Spacious Unit | Premium Location | Property Finder,Office,"AED 818,991",818991,9795,24.49712562561035,54.404483795166016,https://www.propertyfinder.ae/en/plp/commercial-rent/office-space-for-rent-abu-dhabi-al-reem-island-city-of-lights-omega-towers-15398778.html
Rent in Omega Towers: Sea View | Shell and Core | Vacant Now | Property Finder,Office,"AED 672,301",672301,10333,24.49712562561035,54.404483795166016,https://www.propertyfinder.ae/en/plp/commercial-rent/office-space-for-rent-abu-dhabi-al-reem-island-city-of-lights-omega-towers-15398953.html
Rent in Omega Towers: Full Floor | Shell and Core | Vacant | Property Finder,Office,"AED 1,357,038",1357038,16231,24.49712562561035,54.404483795166016,https://www.propertyfinder.ae/en/plp/commercial-rent/office-space-for-rent-abu-dhabi-al-reem-island-city-of-lights-omega-towers-15399400.html
Rent in Omega Towers: Shell and Core | Prime Location | Vacant  | Property Finder,Office,"AED 669,825",669825,8008,24.49712562561035,54.404483795166016,https://www.propertyfinder.ae/en/plp/commercial-rent/office-space-for-rent-abu-dhabi-al-reem-island-city-of-lights-omega-towers-15405731.html
Rent in Omega Towers: Partial Mangrove View | Spacious | Shell and Core  | Property Finder,Office,"AED 744,786",744786,8913,24.49712562561035,54.404483795166016,https://www.propertyfinder.ae/en/plp/commercial-rent/office-space-for-rent-abu-dhabi-al-reem-island-city-of-lights-omega-towers-15405773.html
Rent in Omega Towers: Shell and Core | Upto 4 Payments | High Floor | Property Finder,Office,"AED 903,006",903006,10796,24.49712562561035,54.404483795166016,https://www.propertyfinder.ae/en/plp/commercial-rent/office-space-for-rent-abu-dhabi-al-reem-island-city-of-lights-omega-towers-15432786.html
Rent in Omega Towers: Spacious Office | Shell and Core | Vacant | Property Finder,Office,"AED 295,880",295880,7083,24.49712562561035,54.404483795166016,https://www.propertyfinder.ae/en/plp/commercial-rent/office-space-for-rent-abu-dhabi-al-reem-island-city-of-lights-omega-towers-15433704.html
Rent in Omega Towers: High Floor | Canal View | Vacant  | Property Finder,Office,"AED 630,783",630783,7546,24.49712562561035,54.404483795166016,https://www.propertyfinder.ae/en/plp/commercial-rent/office-space-for-rent-abu-dhabi-al-reem-island-city-of-lights-omega-towers-15481838.html
Rent in Hamdan Street: Furnished Private Office – Available Now | Property Finder,Office,"AED 400,000",400000,3229,24.482032775878906,54.35242462158203,https://www.propertyfinder.ae/en/plp/commercial-rent/office-space-for-rent-abu-dhabi-hamdan-street-15399968.html
Rent in Al Bateen: PRIME LOCATION | AFFORDABLE RATE | MODERN SPACE | Property Finder,Office,"AED 329,000",329000,2529,24.45660400390625,54.396820068359375,https://www.propertyfinder.ae/en/plp/commercial-rent/retail-for-rent-abu-dhabi-al-bateen-15410375.html
Rent in P1753: Canal View | Shell and Core | Vacant | Property Finder,Office,"AED 1,058,000",1058000,5694,24.44425392150879,54.58047866821289,https://www.propertyfinder.ae/en/plp/commercial-rent/retail-for-rent-abu-dhabi-al-raha-beach-al-dana-p1753-15414475.html
Rent in Al Raha Beach Hotel: Up to 4 Payments | Shell and Core | Prime Location | Property Finder,Office,"AED 476,000",476000,2564,24.43845558166504,54.57170104980469,https://www.propertyfinder.ae/en/plp/commercial-rent/retail-for-rent-abu-dhabi-al-raha-beach-al-raha-beach-hotel-15476455.html
Rent in Al Mushrif: Luxurious Villa l 8BR Master l Prime Locatin | Property Finder,Office,"AED 1,000,000",1000000,12916,24.443811416625977,54.38731002807617,https://www.propertyfinder.ae/en/plp/commercial-rent/villa-for-rent-abu-dhabi-al-mushrif-15409292.html
Rent in Al Shamkha: Spacious 3-Floor Villa in Al Shamkha for Rent | Property Finder,Office,"AED 390,000",390000,14000,24.394882202148438,54.708255767822266,https://www.propertyfinder.ae/en/plp/commercial-rent/villa-for-rent-abu-dhabi-al-shamkha-15355102.html
Rent in Mohamed Bin Zayed City: Modern 6BR villa | Prime Location | 2 payments | Property Finder,Office,"AED 650,000",650000,12477,24.333309173583984,54.55467987060547,https://www.propertyfinder.ae/en/plp/commercial-rent/villa-for-rent-abu-dhabi-mohamed-bin-zayed-city-15425236.html
Rent in Shakhbout City:  | amazing Deal | Villa in Shakhbout City for Rent | Property Finder,Office,"AED 350,000",350000,5000,24.356430053710938,54.62781524658203,https://www.propertyfinder.ae/en/plp/commercial-rent/villa-for-rent-abu-dhabi-shakhbout-city-15289877.html
21455 Commercial Properties for Rent in UAE - Property Finder,Warehouse,"AED 180,000",180000,4000,25.3082218170166,55.65555953979492,https://www.propertyfinder.ae/en/commercial-rent/properties-for-rent.html
Rent in Al Faridah: Ready To Move | Spacious | Perfect Amenities | Property Finder,Office,"AED 373,000",373000,4014,24.452312469482422,54.61435317993164,https://www.propertyfinder.ae/en/plp/commercial-rent/office-space-for-rent-abu-dhabi-al-raha-beach-al-faridah-15370073.html
Rent in Addax port office tower: ELITE OFFICE | PRIME LOCATION  | ADGM LICENSE | Property Finder,Office,"AED 403,697",403697,5568,24.498611450195312,54.403038024902344,https://www.propertyfinder.ae/en/plp/commercial-rent/office-space-for-rent-abu-dhabi-al-reem-island-city-of-lights-addax-port-office-tower-14764861.html
Rent in Addax port office tower: SHELL AND CORE | PRESTIGE OFFICE | ADGM LICENSE | Property Finder,Office,"AED 519,347",519347,7164,24.498611450195312,54.403038024902344,https://www.propertyfinder.ae/en/plp/commercial-rent/office-space-for-rent-abu-dhabi-al-reem-island-city-of-lights-addax-port-office-tower-14767445.html
Rent in Addax port office tower: PRIME LOCATION | ADGM LICENSE | ELITE OFFICE | Property Finder,Office,"AED 557,895",557895,7696,24.498611450195312,54.403038024902344,https://www.propertyfinder.ae/en/plp/commercial-rent/office-space-for-rent-abu-dhabi-al-reem-island-city-of-lights-addax-port-office-tower-14791456.html
Rent in Addax port office tower: SHELL AND CORE | PREMIUM UNIT | ADGM LICENSE | Property Finder,Office,"AED 275,582",275582,3992,24.498611450195312,54.403038024902344,https://www.propertyfinder.ae/en/plp/commercial-rent/office-space-for-rent-abu-dhabi-al-reem-island-city-of-lights-addax-port-office-tower-14797634.html
Rent in Addax port office tower: ADGM LICENSE | SHELL AND CORE | ELITE OFFICE | Property Finder,Office,"AED 262,829",262829,3625,24.498611450195312,54.403038024902344,https://www.propertyfinder.ae/en/plp/commercial-rent/office-space-for-rent-abu-dhabi-al-reem-island-city-of-lights-addax-port-office-tower-14798992.html
Rent in Addax port office tower: PREMIUM OFFICE | SHELL AND CORE | ADGM LICENSE | Property Finder,Office,"AED 582,498",582498,10446,24.498611450195312,54.403038024902344,https://www.propertyfinder.ae/en/plp/commercial-rent/office-space-for-rent-abu-dhabi-al-reem-island-city-of-lights-addax-port-office-tower-14850425.html
Rent in Addax port office tower: ELITE OFFICE | SHELL AND CORE | ADGM LICENSE | Property Finder,Office,"AED 526,523",526523,7263,24.498611450195312,54.403038024902344,https://www.propertyfinder.ae/en/plp/commercial-rent/office-space-for-rent-abu-dhabi-al-reem-island-city-of-lights-addax-port-office-tower-14868200.html
Rent in Addax port office tower: PRIME UNIT | SHELL AND CORE | ADGM LICENSE | Property Finder,Office,"AED 686,010",686010,9643,24.498611450195312,54.403038024902344,https://www.propertyfinder.ae/en/plp/commercial-rent/office-space-for-rent-abu-dhabi-al-reem-island-city-of-lights-addax-port-office-tower-15380823.html
Rent in Omega Towers: 3 FULL FLOORS | GRADEA BUILDING | AFFORDABLE PRICE | Property Finder,Office,"AED 2,009,043",2009043,24028,24.49712562561035,54.404483795166016,https://www.propertyfinder.ae/en/plp/commercial-rent/office-space-for-rent-abu-dhabi-al-reem-island-city-of-lights-omega-towers-13697032.html
Rent in Omega Towers: ELEVATE YOUR OFFICE WITH AMAZING VIEW | FULL FLOOR | Property Finder,Office,"AED 1,536,867",1536867,18380,24.49712562561035,54.404483795166016,https://www.propertyfinder.ae/en/plp/commercial-rent/office-space-for-rent-abu-dhabi-al-reem-island-city-of-lights-omega-towers-13697034.html
Rent in Omega Towers: 2 FULL FLOOR | SKYSCRAPER BUILDING | STUNNING VIEW | Property Finder,Office,"AED 2,982,834",2982834,34052,24.49712562561035,54.404483795166016,https://www.propertyfinder.ae/en/plp/commercial-rent/office-space-for-rent-abu-dhabi-al-reem-island-city-of-lights-omega-towers-13735332.html
Rent in Omega Towers: Shell and Core | Sea View | Huge Office Space | Property Finder,Office,"AED 1,536,867",1536867,18380,24.49712562561035,54.404483795166016,https://www.propertyfinder.ae/en/plp/commercial-rent/office-space-for-rent-abu-dhabi-al-reem-island-city-of-lights-omega-towers-15382216.html
Rent in Omega Towers: Shell and Core | Huge Office Space | Vacant | Property Finder,Office,"AED 1,490,994",1490994,17835,24.49712562561035,54.404483795166016,https://www.propertyfinder.ae/en/plp/commercial-rent/office-space-for-rent-abu-dhabi-al-reem-island-city-of-lights-omega-towers-15382399.html
Rent in Omega Towers: Full Floor | Shell And Core | Amazing View | Property Finder,Office,"AED 1,445,967",1445967,17298,24.49712562561035,54.404483795166016,https://www.propertyfinder.ae/en/plp/commercial-rent/office-space-for-rent-abu-dhabi-al-reem-island-city-of-lights-omega-towers-15382932.html
Rent in Omega Towers: Shell and Core | Full Floor | Vacant | Property Finder,Office,"AED 1,401,255",1401255,16759,24.49712562561035,54.404483795166016,https://www.propertyfinder.ae/en/plp/commercial-rent/office-space-for-rent-abu-dhabi-al-reem-island-city-of-lights-omega-towers-15387359.html
Rent in Omega Towers: Shell and Core | Vacant | Prime Location | Property Finder,Office,"AED 465,072",465072,8342,24.49712562561035,54.404483795166016,https://www.propertyfinder.ae/en/plp/commercial-rent/office-space-for-rent-abu-dhabi-al-reem-island-city-of-lights-omega-towers-15398548.html
Rent in Omega Towers: Full Floor Office | Shell And Core | Sea View | Property Finder,Office,"AED 349,104",349104,6263,24.49712562561035,54.404483795166016,https://www.propertyfinder.ae/en/plp/commercial-rent/office-space-for-rent-abu-dhabi-al-reem-island-city-of-lights-omega-towers-15404090.html
Rent in Mohamed Bin Zayed City: Available | All-Inclusive | Fully Furnished | Property Finder,Office,"AED 1,378,500",1378500,3,24.333309173583984,54.55467987060547,https://www.propertyfinder.ae/en/plp/commercial-rent/office-space-for-rent-abu-dhabi-mohamed-bin-zayed-city-15038997.html
Rent in Mohamed Bin Zayed City: Available | Shell and Core | Spacious | Property Finder,Office,"AED 829,800",829800,33,24.333309173583984,54.55467987060547,https://www.propertyfinder.ae/en/plp/commercial-rent/office-space-for-rent-abu-dhabi-mohamed-bin-zayed-city-15238061.html
Rent in Mussafah Industrial Area: Retail or Offices For rent in Mussafah area. | Property Finder,Office,"AED 741,000",741000,8392,24.333332061767578,54.516666412353516,https://www.propertyfinder.ae/en/plp/commercial-rent/office-space-for-rent-abu-dhabi-mussafah-mussafah-industrial-area-15059492.html
Rent in Qaryat Al Hidd: OUTSTANDING SHOWROOM | EXPANSIVE SPACE | GRADE A | Property Finder,Office,"AED 710,600",710600,3476,24.566787719726562,54.4599723815918,https://www.propertyfinder.ae/en/plp/commercial-rent/shop-for-rent-abu-dhabi-saadiyat-island-qaryat-al-hidd-15549446.html
Rent in Electra Street: HOT DEAL | HUGE SHOWROOM FOR RENT FACING THE ROAD | Property Finder,Office,"AED 1,900,000",1900000,12256,24.49472427368164,54.37592315673828,https://www.propertyfinder.ae/en/plp/commercial-rent/show-room-for-rent-abu-dhabi-electra-street-14972008.html
Rent in Rawdhat Abu Dhabi: Prime Location Ideal for Public Entities –Call now | Property Finder,Office,"AED 1,179,550",1179550,8191,24.418251037597656,54.4658317565918,https://www.propertyfinder.ae/en/plp/commercial-rent/show-room-for-rent-abu-dhabi-rawdhat-abu-dhabi-15435739.html
Rent in Baniyas: Brand new commercial villa for rent in Baniyas | Property Finder,Office,"AED 850,000",850000,12000,24.32113265991211,54.66485595703125,https://www.propertyfinder.ae/en/plp/commercial-rent/villa-for-rent-abu-dhabi-baniyas-15151809.html
21455 Commercial Properties for Rent in UAE - Property Finder,Warehouse,"AED 180,000",180000,4000,25.3082218170166,55.65555953979492,https://www.propertyfinder.ae/en/commercial-rent/properties-for-rent.html
Rent in Al Seef: Full Floor Fitted Office in | New Building | Raha | Property Finder,Office,"AED 1,630,000",1630000,9737,24.448644638061523,54.58961486816406,https://www.propertyfinder.ae/en/plp/commercial-rent/office-space-for-rent-abu-dhabi-al-raha-beach-al-seef-14618172.html
"Rent in Addax port office tower: Prime Office in Addax Tower, Abu Dhabi | Property Finder",Office,"AED 235,000",235000,2530,24.498611450195312,54.403038024902344,https://www.propertyfinder.ae/en/plp/commercial-rent/office-space-for-rent-abu-dhabi-al-reem-island-city-of-lights-addax-port-office-tower-15109199.html
Rent in Omega Towers: Elevate Your Business | Shell and Cor Office Space | Property Finder,Office,"AED 371,640",371640,6667,24.49712562561035,54.404483795166016,https://www.propertyfinder.ae/en/plp/commercial-rent/office-space-for-rent-abu-dhabi-al-reem-island-city-of-lights-omega-towers-15171763.html
Rent in Omega Towers: Customizable Office Unit | Shell &amp; Core | Book Now | Property Finder,Office,"AED 1,357,038",1357038,16230,24.49712562561035,54.404483795166016,https://www.propertyfinder.ae/en/plp/commercial-rent/office-space-for-rent-abu-dhabi-al-reem-island-city-of-lights-omega-towers-15376703.html
Rent in Wafra Commercial Tower: WAFRA SQUARES|FURNISHED AND FITTED|293 SQM | ADGM | Property Finder,Office,"AED 410,368",410368,3155,24.486207962036133,54.40492630004883,https://www.propertyfinder.ae/en/plp/commercial-rent/office-space-for-rent-abu-dhabi-al-reem-island-najmat-abu-dhabi-wafra-commercial-tower-15440532.html
Rent in C2629: 537 Fitted Shop | Approved For Any Concept | Property Finder,Office,"AED 643,572",643572,5774,24.44342803955078,54.579193115234375,https://www.propertyfinder.ae/en/plp/commercial-rent/retail-for-rent-abu-dhabi-al-raha-beach-c2629-14985371.html
Rent in P-1168: SPACIOUS UNIT | PRIME LOCATION | GREAT AMENITIES | Property Finder,Office,"AED 476,000",476000,2563,24.447303771972656,54.59600067138672,https://www.propertyfinder.ae/en/plp/commercial-rent/retail-for-rent-abu-dhabi-al-raha-beach-p-1168-15177325.html
Rent in ICAD - Industrial City Of Abu Dhabi: Warehouse available at musaffah ICAD3 | Property Finder,Warehouse,"AED 1,050,000",1050000,32291,24.332622528076172,54.4943962097168,https://www.propertyfinder.ae/en/plp/commercial-rent/warehouse-for-rent-abu-dhabi-mussafah-icad-industrial-city-of-abu-dhabi-9887620.html
